Unnamed: 0,employee_id,employee_name,area,position,sex,age,antiqueness,marital_status,children,education_level,hobby,succession_plan,succession_plan_skill_1,succession_plan_skill_2,succession_plan_skill_3,performance_measure_skill_1,performance_measure_skill_2,performance_measure_skill_3,position_skill_1,position_skill_2,corporate_skill_1,corporate_skill_2,recommended_course_title_1,recommended_course_link_1,recommended_course_category_1,recommended_course_score_1,recommended_course_title_2,recommended_course_link_2,recommended_course_category_2,recommended_course_score_2,recommended_course_title_3,recommended_course_link_3,recommended_course_category_3,recommended_course_score_3,recommended_course_title_4,recommended_course_link_4,recommended_course_category_4,recommended_course_score_4,recommended_course_title_5,recommended_course_link_5,recommended_course_category_5,recommended_course_score_5
5000,15001,Gurcharan Dacharay,VP Operations - Robotics,Ingeniero de Software - Robótica_102,M,57,4,Single,0,Postgraduate,Cook,No,No,No,No,Customer service,self confidence,Communication Skills,Google Cloud Platform,No,No,No,machine learning from the scratch using python,https://www.udemy.com/course/machinesarelearning/,Tech,0.236972838640213,,https://www.udemy.com/course/fb-messenger-chatbot/,Marketing,0.23533600568771362,facebook marketing get more results in days,https://www.udemy.com/course/facebook-marketing-for-small-businesses2/,Marketing,0.2341596484184265,the complete communication skills master class for life,https://www.udemy.com/course/the-complete-communication-skills-master-class-for-life/,Business,0.7136310935020447,conversation and communication mastery ,https://www.udemy.com/course/communication-and-conversation-skills/,Business,0.6825956106185913
5001,15002,Elena Mejía ,VP Operations - Robotics,Ingeniero de Software - Robótica_103,F,55,20,Divorced,4,Master,Travel,No,No,No,No,Customer service,Communication Skills,Critical Thinking,Java Script,No,No,No,machine learning from the scratch using python,https://www.udemy.com/course/machinesarelearning/,Tech,0.236972838640213,,https://www.udemy.com/course/fb-messenger-chatbot/,Marketing,0.23533600568771362,facebook marketing get more results in days,https://www.udemy.com/course/facebook-marketing-for-small-businesses2/,Marketing,0.2341596484184265,the complete communication skills master class for life,https://www.udemy.com/course/the-complete-communication-skills-master-class-for-life/,Business,0.7136310935020447,conversation and communication mastery ,https://www.udemy.com/course/communication-and-conversation-skills/,Business,0.6825956106185913
5002,15003,Annette  Damiano,VP Operations - Robotics,Ingeniero de Software - Robótica_104,F,43,12,Divorced,1,Postgraduate,Drawing,No,No,No,No,Performance Under Pressure,Problem analysis,Customer service,AWS Certification,No,No,No,problem analysis tools and techniques,https://www.udemy.com/course/problem-analysis-tools-and-techniques/,Business,0.5962897539138794,root cause analysis and the corrective action process,https://www.udemy.com/course/root-cause-analysis-and-the-8d-corrective-action-process/,Business,0.5133647322654724,principles of cost benefit analysis,https://www.udemy.com/course/principles-of-cost-benefit-analysis/,Business,0.5055107474327087,machine learning from the scratch using python,https://www.udemy.com/course/machinesarelearning/,Tech,0.236972838640213,,https://www.udemy.com/course/fb-messenger-chatbot/,Marketing,0.23533600568771362
5003,15004,Cosaku Fanizzi,VP Operations - Robotics,Ingeniero de Software - Robótica_105,M,26,1,Married,1,Postgraduate,Theater,No,No,No,No,Work Relationships,Personal Productivity,Communication Skills,Frameworks Front End,No,No,No,machine learning from the scratch using python,https://www.udemy.com/course/machinesarelearning/,Tech,0.236972838640213,,https://www.udemy.com/course/fb-messenger-chatbot/,Marketing,0.23533600568771362,facebook marketing get more results in days,https://www.udemy.com/course/facebook-marketing-for-small-businesses2/,Marketing,0.2341596484184265,conversation and communication mastery ,https://www.udemy.com/course/communication-and-conversation-skills/,Business,0.5550342798233032,manage your boss accelerate your career,https://www.udemy.com/course/manage-boss/,Business,0.5091100931167603
5004,15005,Raimond Iricibar,VP Operations - Robotics,Ingeniero de Software - Robótica_106,M,33,4,Unmarried Union,2,Postgraduate,Writing,No,No,No,No,Problem analysis,Personal Productivity,Assertive Communication,Non-Relational Databases,No,No,No,up and running with postgresql ,https://www.udemy.com/course/postgres/,Tech,0.7371804714202881,learn c with windows forms and sql server,https://www.udemy.com/course/csharp6windowsforms/,Tech,0.642604410648346,learn sql with microsoft sql server,https://www.udemy.com/course/learn-sql-with-microsoft-sql-server/,Tech,0.625029444694519,problem analysis tools and techniques,https://www.udemy.com/course/problem-analysis-tools-and-techniques/,Business,0.5962897539138794,root cause analysis and the corrective action process,https://www.udemy.com/course/root-cause-analysis-and-the-8d-corrective-action-process/,Business,0.5133647322654724
5005,15006,Megumi Mariezquerrena,VP Operations - Robotics,Ingeniero de Software - Robótica_107,F,30,4,Married,2,Bachelor,Yoga,No,No,No,No,Problem analysis,Adaptability and Flexibility,Customer service,CSS3,No,No,No,problem analysis tools and techniques,https://www.udemy.com/course/problem-analysis-tools-and-techniques/,Business,0.5962897539138794,root cause analysis and the corrective action process,https://www.udemy.com/course/root-cause-analysis-and-the-8d-corrective-action-process/,Business,0.5133647322654724,principles of cost benefit analysis,https://www.udemy.com/course/principles-of-cost-benefit-analysis/,Business,0.5055107474327087,machine learning from the scratch using python,https://www.udemy.com/course/machinesarelearning/,Tech,0.236972838640213,,https://www.udemy.com/course/fb-messenger-chatbot/,Marketing,0.23533600568771362
5006,15007,Sid  Marsek,VP Operations - Robotics,Ingeniero de Software - Robótica_108,F,47,16,Married,2,Master,Travel,No,No,No,No,Personal Productivity,Performance Under Pressure,Customer service,Angular,No,No,No,machine learning from the scratch using python,https://www.udemy.com/course/machinesarelearning/,Tech,0.236972838640213,,https://www.udemy.com/course/fb-messenger-chatbot/,Marketing,0.23533600568771362,facebook marketing get more results in days,https://www.udemy.com/course/facebook-marketing-for-small-businesses2/,Marketing,0.2341596484184265,best business productivity training course,https://www.udemy.com/course/best-business-productivity-training-course/,Business,0.7526235580444336,how to reduce constant work interruptions,https://www.udemy.com/course/workplace-interruptions/,Business,0.6921482086181641
5007,15008,Kanika  Marchiori,VP Operations - Robotics,Ingeniero de Software - Robótica_109,F,54,16,Married,2,Master,Reading,No,No,No,No,Teamwork,Teamwork,Innovation and creativity,Vanila JS,No,No,No,machine learning from the scratch using python,https://www.udemy.com/course/machinesarelearning/,Tech,0.236972838640213,,https://www.udemy.com/course/fb-messenger-chatbot/,Marketing,0.23533600568771362,facebook marketing get more results in days,https://www.udemy.com/course/facebook-marketing-for-small-businesses2/,Marketing,0.2341596484184265,new manager training collaborating with your team,https://www.udemy.com/course/new-manager-training-collaborating/,Business,0.6288880109786987,how to supercharge your teamwork team dynamics for success,https://www.udemy.com/course/how-to-get-a-supercharged-team-dynamic-for-better-results/,Business,0.6191359758377075
5008,15009,Gonzalo Maroñas,VP Operations - Robotics,Ingeniero de Software - Robótica_110,M,47,5,Unmarried Union,1,Bachelor,Hiking,No,No,No,No,Conflict Management,Teamwork,Performance Under Pressure,Non-Relational Databases,No,No,No,up and running with postgresql ,https://www.udemy.com/course/postgres/,Tech,0.7371804714202881,learn c with windows forms and sql server,https://www.udemy.com/course/csharp6windowsforms/,Tech,0.642604410648346,learn sql with microsoft sql server,https://www.udemy.com/course/learn-sql-with-microsoft-sql-server/,Tech,0.625029444694519,machine learning from the scratch using python,https://www.udemy.com/course/machinesarelearning/,Tech,0.236972838640213,,https://www.udemy.com/course/fb-messenger-chatbot/,Marketing,0.23533600568771362
5009,15010,Kantaro Hambly,VP Operations - Robotics,Ingeniero de Software - Robótica_111,M,58,17,Single,0,Bachelor,Drawing,No,No,No,No,Innovation and creativity,Innovation and creativity,Remote Collaboration,Google Cloud Developer,No,No,No,machine learning from the scratch using python,https://www.udemy.com/course/machinesarelearning/,Tech,0.236972838640213,,https://www.udemy.com/course/fb-messenger-chatbot/,Marketing,0.23533600568771362,facebook marketing get more results in days,https://www.udemy.com/course/facebook-marketing-for-small-businesses2/,Marketing,0.2341596484184265,virtual teams design your successful remote team culture,https://www.udemy.com/course/virtual-team-culture/,Business,0.6069716215133667,six steps to leading productive meetings,https://www.udemy.com/course/leading-productive-meetings/,Business,0.5526269674301147
5010,15011,Adrian Calboecheaga,VP Operations - Robotics,Ingeniero de Software - Robótica_112,M,43,12,Divorced,2,Bachelor,Gym,No,No,No,No,Personal Productivity,Problem analysis,Performance Under Pressure,Non-Relational Databases,No,No,No,up and running with postgresql ,https://www.udemy.com/course/postgres/,Tech,0.7371804714202881,learn c with windows forms and sql server,https://www.udemy.com/course/csharp6windowsforms/,Tech,0.642604410648346,learn sql with microsoft sql server,https://www.udemy.com/course/learn-sql-with-microsoft-sql-server/,Tech,0.625029444694519,problem analysis tools and techniques,https://www.udemy.com/course/problem-analysis-tools-and-techniques/,Business,0.5962897539138794,root cause analysis and the corrective action process,https://www.udemy.com/course/root-cause-analysis-and-the-8d-corrective-action-process/,Business,0.5133647322654724
5011,15012,Abraham Gecan,VP Operations - Robotics,Ingeniero de Software - Robótica_113,M,44,1,Divorced,3,Postgraduate,Travel,No,No,No,No,Assertive Communication,Personal Productivity,Customer service,CSS3,No,No,No,machine learning from the scratch using python,https://www.udemy.com/course/machinesarelearning/,Tech,0.236972838640213,,https://www.udemy.com/course/fb-messenger-chatbot/,Marketing,0.23533600568771362,facebook marketing get more results in days,https://www.udemy.com/course/facebook-marketing-for-small-businesses2/,Marketing,0.2341596484184265,best business productivity training course,https://www.udemy.com/course/best-business-productivity-training-course/,Business,0.7526235580444336,how to reduce constant work interruptions,https://www.udemy.com/course/workplace-interruptions/,Business,0.6921482086181641
5012,15013,Rodolfo Villaorduña,VP Operations - Robotics,Ingeniero de Software - Robótica_114,M,58,9,Widow,1,Bachelor,Pilates,No,No,No,No,Adaptability and Flexibility,Work Relationships,Critical Thinking,Relational Databases,No,No,No,machine learning from the scratch using python,https://www.udemy.com/course/machinesarelearning/,Tech,0.236972838640213,,https://www.udemy.com/course/fb-messenger-chatbot/,Marketing,0.23533600568771362,facebook marketing get more results in days,https://www.udemy.com/course/facebook-marketing-for-small-businesses2/,Marketing,0.2341596484184265,conversation and communication mastery ,https://www.udemy.com/course/communication-and-conversation-skills/,Business,0.5550342798233032,manage your boss accelerate your career,https://www.udemy.com/course/manage-boss/,Business,0.5091100931167603
5013,15014,Francine Pellowski,VP Operations - Robotics,Ingeniero de Software - Robótica_115,F,45,17,Divorced,1,Bachelor,Soccer,No,No,No,No,Personal Productivity,Decision Making,Performance Under Pressure,Non-Relational Databases,No,No,No,up and running with postgresql ,https://www.udemy.com/course/postgres/,Tech,0.7371804714202881,learn c with windows forms and sql server,https://www.udemy.com/course/csharp6windowsforms/,Tech,0.642604410648346,learn sql with microsoft sql server,https://www.udemy.com/course/learn-sql-with-microsoft-sql-server/,Tech,0.625029444694519,machine learning from the scratch using python,https://www.udemy.com/course/machinesarelearning/,Tech,0.236972838640213,,https://www.udemy.com/course/fb-messenger-chatbot/,Marketing,0.23533600568771362
5014,15015,Toshihito Harlem,VP Operations - Robotics,Ingeniero de Software - Robótica_116,M,37,2,Married,2,Bachelor,Basketball,No,No,No,No,Teamwork,Teamwork,Performance Under Pressure,Google Cloud Developer,No,No,No,machine learning from the scratch using python,https://www.udemy.com/course/machinesarelearning/,Tech,0.236972838640213,,https://www.udemy.com/course/fb-messenger-chatbot/,Marketing,0.23533600568771362,facebook marketing get more results in days,https://www.udemy.com/course/facebook-marketing-for-small-businesses2/,Marketing,0.2341596484184265,cbpm course improving project performance fast,https://www.udemy.com/course/cbpm-course-2-improving-project-performance-fast/,Business,0.44549548625946045,performance management objective setting for new managers,https://www.udemy.com/course/management-skills-objective-setting/,Business,0.4453160762786865
5015,15016,Sinivalí Lazcorreta,VP Operations - Robotics,Ingeniero de Software - Robótica_117,F,49,9,Single,0,Bachelor,Cycling,No,No,No,No,Conflict Management,Conflict Management,Self Confidence,Angular,No,No,No,speak confidently and be from the elite,https://www.udemy.com/course/in-1-hour-your-guide-to-speaking-strongly-and-confidently/,Business,0.7055959701538086,develop amazing social skills connect with people,https://www.udemy.com/course/powerful-social-skills/,Business,0.6458525657653809,man up the ultimate assertiveness coaching programme,https://www.udemy.com/course/assertiveness-and-confidence-course-udemy/,Business,0.6259454488754272,machine learning from the scratch using python,https://www.udemy.com/course/machinesarelearning/,Tech,0.236972838640213,,https://www.udemy.com/course/fb-messenger-chatbot/,Marketing,0.23533600568771362
5016,15017,Roderick Masterman,VP Operations - Robotics,Ingeniero de Software - Robótica_118,M,34,6,Widow,2,Bachelor,Camping,No,No,No,No,Customer service,Adaptability and Flexibility,Customer service,Express JS,No,No,No,machine learning from the scratch using python,https://www.udemy.com/course/machinesarelearning/,Tech,0.236972838640213,,https://www.udemy.com/course/fb-messenger-chatbot/,Marketing,0.23533600568771362,facebook marketing get more results in days,https://www.udemy.com/course/facebook-marketing-for-small-businesses2/,Marketing,0.2341596484184265,build a stock market web app with node and javascript,https://www.udemy.com/course/build-a-stock-market-web-app-with-node-and-javascript/,Tech,0.7066576480865479,fullstack web developer bootcamp with real projects,https://www.udemy.com/course/full-stack-web-developer-bootcamp-with-real-projects/,Tech,0.702028751373291
5017,15018,Sherry  Dagnon,VP Operations - Robotics,Ingeniero de Software - Robótica_119,F,52,16,Unmarried Union,2,Bachelor,Travel,No,No,No,No,self confidence,Customer service,Critical Thinking,CSS3,No,No,No,machine learning from the scratch using python,https://www.udemy.com/course/machinesarelearning/,Tech,0.236972838640213,,https://www.udemy.com/course/fb-messenger-chatbot/,Marketing,0.23533600568771362,facebook marketing get more results in days,https://www.udemy.com/course/facebook-marketing-for-small-businesses2/,Marketing,0.2341596484184265,a clear logical argument guaranteed,https://www.udemy.com/course/a-clear-logical-argument-guaranteed/,Business,0.6895637512207031,master your decisionmaking and critical thinking skills ,https://www.udemy.com/course/leadership-science-for-decision-making/,Business,0.6208004951477051
5018,15019,Chaz Faaita,VP Operations - Robotics,Ingeniero de Software - Robótica_120,M,56,7,Single,0,Master,Pilates,No,No,No,No,Communication Skills,Remote Collaboration,Customer service,CSS3,No,No,No,machine learning from the scratch using python,https://www.udemy.com/course/machinesarelearning/,Tech,0.236972838640213,,https://www.udemy.com/course/fb-messenger-chatbot/,Marketing,0.23533600568771362,facebook marketing get more results in days,https://www.udemy.com/course/facebook-marketing-for-small-businesses2/,Marketing,0.2341596484184265,the complete communication skills master class for life,https://www.udemy.com/course/the-complete-communication-skills-master-class-for-life/,Business,0.7136310935020447,conversation and communication mastery ,https://www.udemy.com/course/communication-and-conversation-skills/,Business,0.6825956106185913
5019,15020,Hisanori Matise,VP Operations - Robotics,Ingeniero de Software - Robótica_121,M,49,19,Single,0,Postgraduate,Jogging,No,No,No,No,Innovation and creativity,self confidence,Self Confidence,Java Script,No,No,No,machine learning from the scratch using python,https://www.udemy.com/course/machinesarelearning/,Tech,0.236972838640213,,https://www.udemy.com/course/fb-messenger-chatbot/,Marketing,0.23533600568771362,facebook marketing get more results in days,https://www.udemy.com/course/facebook-marketing-for-small-businesses2/,Marketing,0.2341596484184265,speak confidently and be from the elite,https://www.udemy.com/course/in-1-hour-your-guide-to-speaking-strongly-and-confidently/,Business,0.7055959701538086,develop amazing social skills connect with people,https://www.udemy.com/course/powerful-social-skills/,Business,0.6458525657653809
5020,15021,Vilhelmo Haller,VP Operations - Robotics,Ingeniero de Software - Robótica_122,M,52,10,Married,2,Bachelor,Pilates,No,No,No,No,Communication Skills,self confidence,Decision Making,Non-Relational Databases,No,No,No,up and running with postgresql ,https://www.udemy.com/course/postgres/,Tech,0.7371804714202881,learn c with windows forms and sql server,https://www.udemy.com/course/csharp6windowsforms/,Tech,0.642604410648346,learn sql with microsoft sql server,https://www.udemy.com/course/learn-sql-with-microsoft-sql-server/,Tech,0.625029444694519,machine learning from the scratch using python,https://www.udemy.com/course/machinesarelearning/,Tech,0.236972838640213,,https://www.udemy.com/course/fb-messenger-chatbot/,Marketing,0.23533600568771362
5021,15022,Eilhard Irvan,VP Operations - Robotics,Ingeniero de Software - Robótica_123,M,28,2,Divorced,1,Postgraduate,Handicrafts,No,No,No,No,Conflict Management,Teamwork,Problem analysis,Azure Developer Associate,No,No,No,problem analysis tools and techniques,https://www.udemy.com/course/problem-analysis-tools-and-techniques/,Business,0.5962897539138794,root cause analysis and the corrective action process,https://www.udemy.com/course/root-cause-analysis-and-the-8d-corrective-action-process/,Business,0.5133647322654724,principles of cost benefit analysis,https://www.udemy.com/course/principles-of-cost-benefit-analysis/,Business,0.5055107474327087,machine learning from the scratch using python,https://www.udemy.com/course/machinesarelearning/,Tech,0.236972838640213,,https://www.udemy.com/course/fb-messenger-chatbot/,Marketing,0.23533600568771362
5022,15023,Dionisio Hanisch,VP Operations - Robotics,Ingeniero de Software - Robótica_124,M,30,2,Married,2,Bachelor,Dance,No,No,No,No,Problem analysis,Critical Thinking,Communication Skills,Relational Databases,No,No,No,problem analysis tools and techniques,https://www.udemy.com/course/problem-analysis-tools-and-techniques/,Business,0.5962897539138794,root cause analysis and the corrective action process,https://www.udemy.com/course/root-cause-analysis-and-the-8d-corrective-action-process/,Business,0.5133647322654724,principles of cost benefit analysis,https://www.udemy.com/course/principles-of-cost-benefit-analysis/,Business,0.5055107474327087,machine learning from the scratch using python,https://www.udemy.com/course/machinesarelearning/,Tech,0.236972838640213,,https://www.udemy.com/course/fb-messenger-chatbot/,Marketing,0.23533600568771362
5023,15024,Togarma Larthirigoyen,VP Operations - Robotics,Ingeniero de Software - Robótica_125,M,57,22,Widow,1,Bachelor,Soccer,No,No,No,No,Remote Collaboration,Customer service,Customer service,Google Cloud Platform,No,No,No,google cloud for machine learning master course,https://www.udemy.com/course/google-cloud/,Tech,0.6641231179237366,devops toolkit learn kubernetes with practical exercises,https://www.udemy.com/course/learn-kubernetes-using-google-cloud-gcp-kubernetes-engine/,Tech,0.6183587312698364,machine learning from the scratch using python,https://www.udemy.com/course/machinesarelearning/,Tech,0.236972838640213,,https://www.udemy.com/course/fb-messenger-chatbot/,Marketing,0.23533600568771362,facebook marketing get more results in days,https://www.udemy.com/course/facebook-marketing-for-small-businesses2/,Marketing,0.2341596484184265
5024,15025,Reza Jacquelin,VP Operations - Robotics,Ingeniero de Software - Robótica_126,M,33,2,Divorced,1,Master,Swimming,No,No,No,No,Assertive Communication,Assertive Communication,Decision Making,Angular,No,No,No,starting with angular updated for version ,https://www.udemy.com/course/starting-with-angular-4/,Tech,0.7190330624580383,angular crash course for busy developers,https://www.udemy.com/course/angular-crash-course/,Tech,0.7141435146331787,learn by example angular js,https://www.udemy.com/course/learn-by-example-angular-js/,Tech,0.7111395597457886,machine learning from the scratch using python,https://www.udemy.com/course/machinesarelearning/,Tech,0.236972838640213,,https://www.udemy.com/course/fb-messenger-chatbot/,Marketing,0.23533600568771362
5025,15026,Hiro  Daneker,VP Operations - Robotics,Ingeniero de Software - Robótica_127,M,27,2,Unmarried Union,2,Bachelor,Hiking,No,No,No,No,Innovation and creativity,Communication Skills,Self Confidence,Angular,No,No,No,machine learning from the scratch using python,https://www.udemy.com/course/machinesarelearning/,Tech,0.236972838640213,,https://www.udemy.com/course/fb-messenger-chatbot/,Marketing,0.23533600568771362,facebook marketing get more results in days,https://www.udemy.com/course/facebook-marketing-for-small-businesses2/,Marketing,0.2341596484184265,speak confidently and be from the elite,https://www.udemy.com/course/in-1-hour-your-guide-to-speaking-strongly-and-confidently/,Business,0.7055959701538086,develop amazing social skills connect with people,https://www.udemy.com/course/powerful-social-skills/,Business,0.6458525657653809
5026,15027,Yambavati Layfield,VP Operations - Robotics,Ingeniero de Software - Robótica_128,F,28,2,Married,2,Postgraduate,Gardening,No,No,No,No,Decision Making,Customer service,Performance Under Pressure,Express JS,No,No,No,machine learning from the scratch using python,https://www.udemy.com/course/machinesarelearning/,Tech,0.236972838640213,,https://www.udemy.com/course/fb-messenger-chatbot/,Marketing,0.23533600568771362,facebook marketing get more results in days,https://www.udemy.com/course/facebook-marketing-for-small-businesses2/,Marketing,0.2341596484184265,customer service fundamentals,https://www.udemy.com/course/customer-service-fundamentals/,Business,0.6658568382263184,customer service keep em coming back,https://www.udemy.com/course/customer-service-keep-em-coming-back/,Business,0.63691246509552
5027,15028,Adolfo Escuer,VP Operations - Robotics,Ingeniero de Software - Robótica_129,M,54,19,Divorced,1,Master,Drawing,No,No,No,No,Critical Thinking,Innovation and creativity,Customer service,Non-Relational Databases,No,No,No,up and running with postgresql ,https://www.udemy.com/course/postgres/,Tech,0.7371804714202881,learn c with windows forms and sql server,https://www.udemy.com/course/csharp6windowsforms/,Tech,0.642604410648346,learn sql with microsoft sql server,https://www.udemy.com/course/learn-sql-with-microsoft-sql-server/,Tech,0.625029444694519,machine learning from the scratch using python,https://www.udemy.com/course/machinesarelearning/,Tech,0.236972838640213,,https://www.udemy.com/course/fb-messenger-chatbot/,Marketing,0.23533600568771362
5028,15029,Benigno Janka,VP Operations - Robotics,Ingeniero de Software - Robótica_130,M,42,6,Married,1,Master,Camping,No,No,No,No,Critical Thinking,Adaptability and Flexibility,Remote Collaboration,CSS3,No,No,No,machine learning from the scratch using python,https://www.udemy.com/course/machinesarelearning/,Tech,0.236972838640213,,https://www.udemy.com/course/fb-messenger-chatbot/,Marketing,0.23533600568771362,facebook marketing get more results in days,https://www.udemy.com/course/facebook-marketing-for-small-businesses2/,Marketing,0.2341596484184265,a clear logical argument guaranteed,https://www.udemy.com/course/a-clear-logical-argument-guaranteed/,Business,0.6895637512207031,master your decisionmaking and critical thinking skills ,https://www.udemy.com/course/leadership-science-for-decision-making/,Business,0.6208004951477051
5029,15030,Lukas Maripericena,VP Operations - Robotics,Ingeniero de Software - Robótica_131,M,55,9,Single,0,Bachelor,Soccer,No,No,No,No,Problem analysis,Performance Under Pressure,Teamwork,Frameworks Front End,No,No,No,problem analysis tools and techniques,https://www.udemy.com/course/problem-analysis-tools-and-techniques/,Business,0.5962897539138794,root cause analysis and the corrective action process,https://www.udemy.com/course/root-cause-analysis-and-the-8d-corrective-action-process/,Business,0.5133647322654724,principles of cost benefit analysis,https://www.udemy.com/course/principles-of-cost-benefit-analysis/,Business,0.5055107474327087,machine learning from the scratch using python,https://www.udemy.com/course/machinesarelearning/,Tech,0.236972838640213,,https://www.udemy.com/course/fb-messenger-chatbot/,Marketing,0.23533600568771362
5030,15031,Rekha  Mauser,VP Operations - Robotics,Ingeniero de Software - Robótica_132,F,43,9,Single,0,Master,Cinema and TV,No,No,No,No,Adaptability and Flexibility,Conflict Management,Self Confidence,Java Script,No,No,No,machine learning from the scratch using python,https://www.udemy.com/course/machinesarelearning/,Tech,0.236972838640213,,https://www.udemy.com/course/fb-messenger-chatbot/,Marketing,0.23533600568771362,facebook marketing get more results in days,https://www.udemy.com/course/facebook-marketing-for-small-businesses2/,Marketing,0.2341596484184265,speak confidently and be from the elite,https://www.udemy.com/course/in-1-hour-your-guide-to-speaking-strongly-and-confidently/,Business,0.7055959701538086,develop amazing social skills connect with people,https://www.udemy.com/course/powerful-social-skills/,Business,0.6458525657653809
5031,15032,Sashi Esain,VP Operations - Robotics,Ingeniero de Software - Robótica_133,M,45,13,Divorced,4,Postgraduate,Camping,No,No,No,No,Decision Making,Teamwork,Self Confidence,Vanila JS,No,No,No,machine learning from the scratch using python,https://www.udemy.com/course/machinesarelearning/,Tech,0.236972838640213,,https://www.udemy.com/course/fb-messenger-chatbot/,Marketing,0.23533600568771362,facebook marketing get more results in days,https://www.udemy.com/course/facebook-marketing-for-small-businesses2/,Marketing,0.2341596484184265,speak confidently and be from the elite,https://www.udemy.com/course/in-1-hour-your-guide-to-speaking-strongly-and-confidently/,Business,0.7055959701538086,develop amazing social skills connect with people,https://www.udemy.com/course/powerful-social-skills/,Business,0.6458525657653809
5032,15033,Ridhima Rusert,VP Operations - Robotics,Ingeniero de Software - Robótica_134,F,38,4,Divorced,1,Postgraduate,Paint,No,No,No,No,Communication Skills,Teamwork,Adaptability and Flexibility,Express JS,No,No,No,machine learning from the scratch using python,https://www.udemy.com/course/machinesarelearning/,Tech,0.236972838640213,,https://www.udemy.com/course/fb-messenger-chatbot/,Marketing,0.23533600568771362,facebook marketing get more results in days,https://www.udemy.com/course/facebook-marketing-for-small-businesses2/,Marketing,0.2341596484184265,new manager training collaborating with your team,https://www.udemy.com/course/new-manager-training-collaborating/,Business,0.6288880109786987,how to supercharge your teamwork team dynamics for success,https://www.udemy.com/course/how-to-get-a-supercharged-team-dynamic-for-better-results/,Business,0.6191359758377075
5033,15034,Otto Hairgrove,VP Operations - Robotics,Responsable de Pruebas - Robótica_1,M,52,27,Unmarried Union,4,Bachelor,Hiking,Yes,Negotiation Skills,Change Management,Strategic Planning,Adaptability and Flexibility,Adaptability and Flexibility,Remote Collaboration,Google Cloud Developer,No,No,No,machine learning from the scratch using python,https://www.udemy.com/course/machinesarelearning/,Tech,0.236972838640213,,https://www.udemy.com/course/fb-messenger-chatbot/,Marketing,0.23533600568771362,facebook marketing get more results in days,https://www.udemy.com/course/facebook-marketing-for-small-businesses2/,Marketing,0.2341596484184265,the complete devops engineer course java kubernetes,https://www.udemy.com/course/the-complete-devops-engineer-course-20-java-kubernetes/,Tech,0.6162485480308533,google cloud for machine learning master course,https://www.udemy.com/course/google-cloud/,Tech,0.6141550540924072
5034,15035,Jana  Latiolais,VP Operations - Robotics,Responsable de Pruebas - Robótica_2,F,56,6,Married,1,Postgraduate,Camping,Yes,Goal Setting,Presentation Skills,Teamwork,Customer service,Adaptability and Flexibility,Teamwork,Google Cloud Platform,No,No,No,machine learning from the scratch using python,https://www.udemy.com/course/machinesarelearning/,Tech,0.236972838640213,,https://www.udemy.com/course/fb-messenger-chatbot/,Marketing,0.23533600568771362,facebook marketing get more results in days,https://www.udemy.com/course/facebook-marketing-for-small-businesses2/,Marketing,0.2341596484184265,new manager training collaborating with your team,https://www.udemy.com/course/new-manager-training-collaborating/,Business,0.6288880109786987,how to supercharge your teamwork team dynamics for success,https://www.udemy.com/course/how-to-get-a-supercharged-team-dynamic-for-better-results/,Business,0.6191359758377075
5035,15036,Laurène Rotkowski,VP Operations - Robotics,Responsable de Pruebas - Robótica_3,F,44,8,Married,2,Master,Jogging,Yes,Leadership,Goal Setting,Business Analysis,Assertive Communication,Conflict Management,Adaptability and Flexibility,CSS3,No,No,No,machine learning from the scratch using python,https://www.udemy.com/course/machinesarelearning/,Tech,0.236972838640213,,https://www.udemy.com/course/fb-messenger-chatbot/,Marketing,0.23533600568771362,facebook marketing get more results in days,https://www.udemy.com/course/facebook-marketing-for-small-businesses2/,Marketing,0.2341596484184265,create a great career plan,https://www.udemy.com/course/professional-development-goal-planning/,Business,0.6439324617385864,goal setting achievement achieve your goals faster,https://www.udemy.com/course/achievement-masterclass/,Business,0.6128003597259521
5036,15037,Lyndsay  Daher,VP Operations - Robotics,Responsable de Pruebas - Robótica_4,F,26,1,Unmarried Union,1,Master,Gardening,Yes,Leadership,Teamwork,Business Analysis,Work Relationships,Performance Under Pressure,Teamwork,AWS Certification,No,No,No,machine learning from the scratch using python,https://www.udemy.com/course/machinesarelearning/,Tech,0.236972838640213,,https://www.udemy.com/course/fb-messenger-chatbot/,Marketing,0.23533600568771362,facebook marketing get more results in days,https://www.udemy.com/course/facebook-marketing-for-small-businesses2/,Marketing,0.2341596484184265,conversation and communication mastery ,https://www.udemy.com/course/communication-and-conversation-skills/,Business,0.5550342798233032,manage your boss accelerate your career,https://www.udemy.com/course/manage-boss/,Business,0.5091100931167603
5037,15038,Adán Larragoitia,VP Operations - Robotics,Responsable de Pruebas - Robótica_5,M,47,22,Unmarried Union,1,Bachelor,Gardening,Yes,Leadership,Business Analysis,Teamwork,Performance Under Pressure,Teamwork,Self Confidence,Vanila JS,No,No,No,machine learning from the scratch using python,https://www.udemy.com/course/machinesarelearning/,Tech,0.236972838640213,,https://www.udemy.com/course/fb-messenger-chatbot/,Marketing,0.23533600568771362,facebook marketing get more results in days,https://www.udemy.com/course/facebook-marketing-for-small-businesses2/,Marketing,0.2341596484184265,speak confidently and be from the elite,https://www.udemy.com/course/in-1-hour-your-guide-to-speaking-strongly-and-confidently/,Business,0.7055959701538086,develop amazing social skills connect with people,https://www.udemy.com/course/powerful-social-skills/,Business,0.6458525657653809
5038,15039,Woodruff  Lechman,VP Operations - Robotics,Responsable de Pruebas - Robótica_6,M,53,1,Widow,3,Bachelor,Theater,Yes,Leadership,Decision Making,Goal Setting,Personal Productivity,Conflict Management,Self Confidence,Relational Databases,No,No,No,machine learning from the scratch using python,https://www.udemy.com/course/machinesarelearning/,Tech,0.236972838640213,,https://www.udemy.com/course/fb-messenger-chatbot/,Marketing,0.23533600568771362,facebook marketing get more results in days,https://www.udemy.com/course/facebook-marketing-for-small-businesses2/,Marketing,0.2341596484184265,speak confidently and be from the elite,https://www.udemy.com/course/in-1-hour-your-guide-to-speaking-strongly-and-confidently/,Business,0.7055959701538086,develop amazing social skills connect with people,https://www.udemy.com/course/powerful-social-skills/,Business,0.6458525657653809
5039,15040,Josefa Jampen,VP Operations - Robotics,Responsable de Pruebas - Robótica_7,F,38,9,Single,0,Master,Gardening,Yes,Business Analysis,Leadership,Strategic Planning,Remote Collaboration,Decision Making,Critical Thinking,Google Cloud Platform,No,No,No,machine learning from the scratch using python,https://www.udemy.com/course/machinesarelearning/,Tech,0.236972838640213,,https://www.udemy.com/course/fb-messenger-chatbot/,Marketing,0.23533600568771362,facebook marketing get more results in days,https://www.udemy.com/course/facebook-marketing-for-small-businesses2/,Marketing,0.2341596484184265,a clear logical argument guaranteed,https://www.udemy.com/course/a-clear-logical-argument-guaranteed/,Business,0.6895637512207031,master your decisionmaking and critical thinking skills ,https://www.udemy.com/course/leadership-science-for-decision-making/,Business,0.6208004951477051
5040,15041,Dan  Rovack,VP Operations - Robotics,Responsable de Pruebas - Robótica_8,M,51,3,Married,3,Bachelor,Cook,Yes,Strategic Planning,Business Analysis,Delegation,Critical Thinking,Remote Collaboration,Conflict Management,Java Script,No,No,No,machine learning from the scratch using python,https://www.udemy.com/course/machinesarelearning/,Tech,0.236972838640213,,https://www.udemy.com/course/fb-messenger-chatbot/,Marketing,0.23533600568771362,facebook marketing get more results in days,https://www.udemy.com/course/facebook-marketing-for-small-businesses2/,Marketing,0.2341596484184265,a clear logical argument guaranteed,https://www.udemy.com/course/a-clear-logical-argument-guaranteed/,Business,0.6895637512207031,master your decisionmaking and critical thinking skills ,https://www.udemy.com/course/leadership-science-for-decision-making/,Business,0.6208004951477051
5041,15042,Prisciliano  Jacobsen,VP Operations - Robotics,Responsable de Pruebas - Robótica_9,M,27,1,Unmarried Union,3,Master,Music,Yes,Analytical Skills,Leadership,Presentation Skills,Problem analysis,Teamwork,Communication Skills,GCP Associate Cloud Engineer,No,No,No,problem analysis tools and techniques,https://www.udemy.com/course/problem-analysis-tools-and-techniques/,Business,0.5962897539138794,root cause analysis and the corrective action process,https://www.udemy.com/course/root-cause-analysis-and-the-8d-corrective-action-process/,Business,0.5133647322654724,principles of cost benefit analysis,https://www.udemy.com/course/principles-of-cost-benefit-analysis/,Business,0.5055107474327087,devops toolkit learn kubernetes with practical exercises,https://www.udemy.com/course/learn-kubernetes-using-google-cloud-gcp-kubernetes-engine/,Tech,0.6201324462890625,learn to build devops pipeline on azure cloud,https://www.udemy.com/course/learn-to-build-devops-pipeline-on-azure-cloud/,Tech,0.5131804943084717
5042,15043,Hartmut Dalmau,VP Operations - Robotics,Responsable de Pruebas - Robótica_10,M,42,8,Unmarried Union,4,Master,Drawing,Yes,Negotiation Skills,Decision Making,Analytical Skills,self confidence,Adaptability and Flexibility,Assertive Communication,Vanila JS,No,No,No,machine learning from the scratch using python,https://www.udemy.com/course/machinesarelearning/,Tech,0.236972838640213,,https://www.udemy.com/course/fb-messenger-chatbot/,Marketing,0.23533600568771362,facebook marketing get more results in days,https://www.udemy.com/course/facebook-marketing-for-small-businesses2/,Marketing,0.2341596484184265,decisionmaking for business,https://www.udemy.com/course/decision-making-for-business/,Business,0.5601986646652222,decision making solve problems with emotional intelligence,https://www.udemy.com/course/effective-problem-solving-and-decision-making/,Business,0.5358649492263794
5043,15044,Vanessa  Larriva,VP Operations - Robotics,Responsable de Pruebas - Robótica_11,F,33,2,Unmarried Union,1,Bachelor,Gym,No,No,No,No,Innovation and creativity,Work Relationships,Adaptability and Flexibility,Vanila JS,No,No,No,machine learning from the scratch using python,https://www.udemy.com/course/machinesarelearning/,Tech,0.236972838640213,,https://www.udemy.com/course/fb-messenger-chatbot/,Marketing,0.23533600568771362,facebook marketing get more results in days,https://www.udemy.com/course/facebook-marketing-for-small-businesses2/,Marketing,0.2341596484184265,conversation and communication mastery ,https://www.udemy.com/course/communication-and-conversation-skills/,Business,0.5550342798233032,manage your boss accelerate your career,https://www.udemy.com/course/manage-boss/,Business,0.5091100931167603
5044,15045,Kanehira Errecarbode,VP Operations - Robotics,Responsable de Pruebas - Robótica_12,M,43,13,Divorced,4,Master,Cycling,No,No,No,No,Assertive Communication,Problem analysis,Communication Skills,GCP Associate Cloud Engineer,No,No,No,problem analysis tools and techniques,https://www.udemy.com/course/problem-analysis-tools-and-techniques/,Business,0.5962897539138794,root cause analysis and the corrective action process,https://www.udemy.com/course/root-cause-analysis-and-the-8d-corrective-action-process/,Business,0.5133647322654724,principles of cost benefit analysis,https://www.udemy.com/course/principles-of-cost-benefit-analysis/,Business,0.5055107474327087,machine learning from the scratch using python,https://www.udemy.com/course/machinesarelearning/,Tech,0.236972838640213,,https://www.udemy.com/course/fb-messenger-chatbot/,Marketing,0.23533600568771362
5045,15046,Teiko Escapil,VP Operations - Robotics,Responsable de Pruebas - Robótica_13,M,38,11,Divorced,2,Bachelor,Fishing,No,No,No,No,Adaptability and Flexibility,Problem analysis,Personal Productivity,Frameworks Front End,No,No,No,problem analysis tools and techniques,https://www.udemy.com/course/problem-analysis-tools-and-techniques/,Business,0.5962897539138794,root cause analysis and the corrective action process,https://www.udemy.com/course/root-cause-analysis-and-the-8d-corrective-action-process/,Business,0.5133647322654724,principles of cost benefit analysis,https://www.udemy.com/course/principles-of-cost-benefit-analysis/,Business,0.5055107474327087,machine learning from the scratch using python,https://www.udemy.com/course/machinesarelearning/,Tech,0.236972838640213,,https://www.udemy.com/course/fb-messenger-chatbot/,Marketing,0.23533600568771362
5046,15047,Hedworth Caimalgén,VP Operations - Robotics,Responsable de Pruebas - Robótica_14,M,45,5,Divorced,4,Postgraduate,Cycling,No,No,No,No,Performance Under Pressure,Work Relationships,Conflict Management,Express JS,No,No,No,machine learning from the scratch using python,https://www.udemy.com/course/machinesarelearning/,Tech,0.236972838640213,,https://www.udemy.com/course/fb-messenger-chatbot/,Marketing,0.23533600568771362,facebook marketing get more results in days,https://www.udemy.com/course/facebook-marketing-for-small-businesses2/,Marketing,0.2341596484184265,conversation and communication mastery ,https://www.udemy.com/course/communication-and-conversation-skills/,Business,0.5550342798233032,manage your boss accelerate your career,https://www.udemy.com/course/manage-boss/,Business,0.5091100931167603
5047,15048,Puloman Eramuspe,VP Operations - Robotics,Responsable de Pruebas - Robótica_15,M,27,1,Unmarried Union,1,Postgraduate,Jogging,No,No,No,No,Communication Skills,self confidence,Adaptability and Flexibility,Express JS,No,No,No,machine learning from the scratch using python,https://www.udemy.com/course/machinesarelearning/,Tech,0.236972838640213,,https://www.udemy.com/course/fb-messenger-chatbot/,Marketing,0.23533600568771362,facebook marketing get more results in days,https://www.udemy.com/course/facebook-marketing-for-small-businesses2/,Marketing,0.2341596484184265,the complete communication skills master class for life,https://www.udemy.com/course/the-complete-communication-skills-master-class-for-life/,Business,0.7136310935020447,conversation and communication mastery ,https://www.udemy.com/course/communication-and-conversation-skills/,Business,0.6825956106185913
5048,15049,Vibha Navarra,VP Operations - Robotics,Responsable de Pruebas - Robótica_16,F,27,1,Divorced,2,Bachelor,Gym,No,No,No,No,Performance Under Pressure,Teamwork,Teamwork,Vanila JS,No,No,No,machine learning from the scratch using python,https://www.udemy.com/course/machinesarelearning/,Tech,0.236972838640213,,https://www.udemy.com/course/fb-messenger-chatbot/,Marketing,0.23533600568771362,facebook marketing get more results in days,https://www.udemy.com/course/facebook-marketing-for-small-businesses2/,Marketing,0.2341596484184265,cbpm course improving project performance fast,https://www.udemy.com/course/cbpm-course-2-improving-project-performance-fast/,Business,0.44549548625946045,performance management objective setting for new managers,https://www.udemy.com/course/management-skills-objective-setting/,Business,0.4453160762786865
5049,15050,Hilda Neguihual,VP Operations - Robotics,Responsable de Pruebas - Robótica_17,F,27,1,Unmarried Union,1,Postgraduate,Yoga,No,No,No,No,Teamwork,Critical Thinking,Assertive Communication,Vanila JS,No,No,No,machine learning from the scratch using python,https://www.udemy.com/course/machinesarelearning/,Tech,0.236972838640213,,https://www.udemy.com/course/fb-messenger-chatbot/,Marketing,0.23533600568771362,facebook marketing get more results in days,https://www.udemy.com/course/facebook-marketing-for-small-businesses2/,Marketing,0.2341596484184265,new manager training collaborating with your team,https://www.udemy.com/course/new-manager-training-collaborating/,Business,0.6288880109786987,how to supercharge your teamwork team dynamics for success,https://www.udemy.com/course/how-to-get-a-supercharged-team-dynamic-for-better-results/,Business,0.6191359758377075
5050,15051,Amédée Passon,VP Operations - Robotics,Responsable de Pruebas - Robótica_18,M,30,5,Single,0,Postgraduate,Handicrafts,No,No,No,No,Assertive Communication,Personal Productivity,Critical Thinking,Frameworks Front End,No,No,No,machine learning from the scratch using python,https://www.udemy.com/course/machinesarelearning/,Tech,0.236972838640213,,https://www.udemy.com/course/fb-messenger-chatbot/,Marketing,0.23533600568771362,facebook marketing get more results in days,https://www.udemy.com/course/facebook-marketing-for-small-businesses2/,Marketing,0.2341596484184265,best business productivity training course,https://www.udemy.com/course/best-business-productivity-training-course/,Business,0.7526235580444336,how to reduce constant work interruptions,https://www.udemy.com/course/workplace-interruptions/,Business,0.6921482086181641
5051,15052,Mónica Lecoultre,VP Operations - Robotics,Responsable de Pruebas - Robótica_19,F,49,10,Single,0,Master,Swimming,No,No,No,No,Assertive Communication,self confidence,Teamwork,Frameworks Front End,No,No,No,machine learning from the scratch using python,https://www.udemy.com/course/machinesarelearning/,Tech,0.236972838640213,,https://www.udemy.com/course/fb-messenger-chatbot/,Marketing,0.23533600568771362,facebook marketing get more results in days,https://www.udemy.com/course/facebook-marketing-for-small-businesses2/,Marketing,0.2341596484184265,new manager training collaborating with your team,https://www.udemy.com/course/new-manager-training-collaborating/,Business,0.6288880109786987,how to supercharge your teamwork team dynamics for success,https://www.udemy.com/course/how-to-get-a-supercharged-team-dynamic-for-better-results/,Business,0.6191359758377075
5052,15053,Jessie  Isabell,VP Operations - Robotics,Responsable de Pruebas - Robótica_20,F,28,2,Single,0,Master,Handicrafts,No,No,No,No,Assertive Communication,Problem analysis,Performance Under Pressure,Vanila JS,No,No,No,problem analysis tools and techniques,https://www.udemy.com/course/problem-analysis-tools-and-techniques/,Business,0.5962897539138794,root cause analysis and the corrective action process,https://www.udemy.com/course/root-cause-analysis-and-the-8d-corrective-action-process/,Business,0.5133647322654724,principles of cost benefit analysis,https://www.udemy.com/course/principles-of-cost-benefit-analysis/,Business,0.5055107474327087,machine learning from the scratch using python,https://www.udemy.com/course/machinesarelearning/,Tech,0.236972838640213,,https://www.udemy.com/course/fb-messenger-chatbot/,Marketing,0.23533600568771362
5053,15054,Ratul Jablonowski,VP Operations - Robotics,Responsable de Pruebas - Robótica_21,M,38,5,Married,1,Postgraduate,Theater,No,No,No,No,Communication Skills,Remote Collaboration,Teamwork,Java Script,No,No,No,machine learning from the scratch using python,https://www.udemy.com/course/machinesarelearning/,Tech,0.236972838640213,,https://www.udemy.com/course/fb-messenger-chatbot/,Marketing,0.23533600568771362,facebook marketing get more results in days,https://www.udemy.com/course/facebook-marketing-for-small-businesses2/,Marketing,0.2341596484184265,new manager training collaborating with your team,https://www.udemy.com/course/new-manager-training-collaborating/,Business,0.6288880109786987,how to supercharge your teamwork team dynamics for success,https://www.udemy.com/course/how-to-get-a-supercharged-team-dynamic-for-better-results/,Business,0.6191359758377075
5054,15055,Vikas Ruhn,VP Operations - Robotics,Responsable de Pruebas - Robótica_22,M,47,17,Single,0,Postgraduate,Jogging,No,No,No,No,Teamwork,Critical Thinking,Remote Collaboration,Non-Relational Databases,No,No,No,up and running with postgresql ,https://www.udemy.com/course/postgres/,Tech,0.7371804714202881,learn c with windows forms and sql server,https://www.udemy.com/course/csharp6windowsforms/,Tech,0.642604410648346,learn sql with microsoft sql server,https://www.udemy.com/course/learn-sql-with-microsoft-sql-server/,Tech,0.625029444694519,machine learning from the scratch using python,https://www.udemy.com/course/machinesarelearning/,Tech,0.236972838640213,,https://www.udemy.com/course/fb-messenger-chatbot/,Marketing,0.23533600568771362
5055,15056,Dwayne Maser,VP Operations - Robotics,Responsable de Pruebas - Robótica_23,M,37,6,Unmarried Union,1,Master,Dance,No,No,No,No,Decision Making,Performance Under Pressure,Remote Collaboration,Non-Relational Databases,No,No,No,up and running with postgresql ,https://www.udemy.com/course/postgres/,Tech,0.7371804714202881,learn c with windows forms and sql server,https://www.udemy.com/course/csharp6windowsforms/,Tech,0.642604410648346,learn sql with microsoft sql server,https://www.udemy.com/course/learn-sql-with-microsoft-sql-server/,Tech,0.625029444694519,machine learning from the scratch using python,https://www.udemy.com/course/machinesarelearning/,Tech,0.236972838640213,,https://www.udemy.com/course/fb-messenger-chatbot/,Marketing,0.23533600568771362
5056,15057,Yoshikuni Larrinogaray,VP Operations - Robotics,Responsable de Pruebas - Robótica_24,M,37,11,Divorced,2,Postgraduate,Swimming,No,No,No,No,Remote Collaboration,Teamwork,Critical Thinking,Azure Developer Associate,No,No,No,machine learning from the scratch using python,https://www.udemy.com/course/machinesarelearning/,Tech,0.236972838640213,,https://www.udemy.com/course/fb-messenger-chatbot/,Marketing,0.23533600568771362,facebook marketing get more results in days,https://www.udemy.com/course/facebook-marketing-for-small-businesses2/,Marketing,0.2341596484184265,new manager training collaborating with your team,https://www.udemy.com/course/new-manager-training-collaborating/,Business,0.6288880109786987,how to supercharge your teamwork team dynamics for success,https://www.udemy.com/course/how-to-get-a-supercharged-team-dynamic-for-better-results/,Business,0.6191359758377075
5057,15058,Adolf Lasalle,VP Operations - Robotics,Responsable de Pruebas - Robótica_25,M,51,11,Married,1,Bachelor,Pilates,No,No,No,No,Adaptability and Flexibility,Communication Skills,Decision Making,Relational Databases,No,No,No,machine learning from the scratch using python,https://www.udemy.com/course/machinesarelearning/,Tech,0.236972838640213,,https://www.udemy.com/course/fb-messenger-chatbot/,Marketing,0.23533600568771362,facebook marketing get more results in days,https://www.udemy.com/course/facebook-marketing-for-small-businesses2/,Marketing,0.2341596484184265,the complete communication skills master class for life,https://www.udemy.com/course/the-complete-communication-skills-master-class-for-life/,Business,0.7136310935020447,conversation and communication mastery ,https://www.udemy.com/course/communication-and-conversation-skills/,Business,0.6825956106185913
5058,15059,Dave  Gentry,VP Operations - Robotics,Responsable de Pruebas - Robótica_26,M,41,7,Divorced,2,Postgraduate,Theater,No,No,No,No,Personal Productivity,Problem analysis,Personal Productivity,Frameworks Front End,No,No,No,problem analysis tools and techniques,https://www.udemy.com/course/problem-analysis-tools-and-techniques/,Business,0.5962897539138794,root cause analysis and the corrective action process,https://www.udemy.com/course/root-cause-analysis-and-the-8d-corrective-action-process/,Business,0.5133647322654724,principles of cost benefit analysis,https://www.udemy.com/course/principles-of-cost-benefit-analysis/,Business,0.5055107474327087,machine learning from the scratch using python,https://www.udemy.com/course/machinesarelearning/,Tech,0.236972838640213,,https://www.udemy.com/course/fb-messenger-chatbot/,Marketing,0.23533600568771362
5059,15060,Jean-Bernard Gayeneche,VP Operations - Robotics,Responsable de Pruebas - Robótica_27,M,38,12,Unmarried Union,4,Postgraduate,Hiking,No,No,No,No,Assertive Communication,self confidence,Customer service,Relational Databases,No,No,No,machine learning from the scratch using python,https://www.udemy.com/course/machinesarelearning/,Tech,0.236972838640213,,https://www.udemy.com/course/fb-messenger-chatbot/,Marketing,0.23533600568771362,facebook marketing get more results in days,https://www.udemy.com/course/facebook-marketing-for-small-businesses2/,Marketing,0.2341596484184265,customer service fundamentals,https://www.udemy.com/course/customer-service-fundamentals/,Business,0.6658568382263184,customer service keep em coming back,https://www.udemy.com/course/customer-service-keep-em-coming-back/,Business,0.63691246509552
5060,15061,Hokuto Gaztambiede,VP Operations - Robotics,Responsable de Pruebas - Robótica_28,M,51,7,Divorced,1,Postgraduate,Swimming,No,No,No,No,Critical Thinking,Adaptability and Flexibility,Self Confidence,Google Cloud Platform,No,No,No,machine learning from the scratch using python,https://www.udemy.com/course/machinesarelearning/,Tech,0.236972838640213,,https://www.udemy.com/course/fb-messenger-chatbot/,Marketing,0.23533600568771362,facebook marketing get more results in days,https://www.udemy.com/course/facebook-marketing-for-small-businesses2/,Marketing,0.2341596484184265,speak confidently and be from the elite,https://www.udemy.com/course/in-1-hour-your-guide-to-speaking-strongly-and-confidently/,Business,0.7055959701538086,develop amazing social skills connect with people,https://www.udemy.com/course/powerful-social-skills/,Business,0.6458525657653809
5061,15062,Sibyl  Rumbaugh,VP Operations - Robotics,Responsable de Pruebas - Robótica_29,F,41,7,Unmarried Union,1,Postgraduate,Fishing,No,No,No,No,Remote Collaboration,Personal Productivity,Innovation and creativity,Express JS,No,No,No,machine learning from the scratch using python,https://www.udemy.com/course/machinesarelearning/,Tech,0.236972838640213,,https://www.udemy.com/course/fb-messenger-chatbot/,Marketing,0.23533600568771362,facebook marketing get more results in days,https://www.udemy.com/course/facebook-marketing-for-small-businesses2/,Marketing,0.2341596484184265,best business productivity training course,https://www.udemy.com/course/best-business-productivity-training-course/,Business,0.7526235580444336,how to reduce constant work interruptions,https://www.udemy.com/course/workplace-interruptions/,Business,0.6921482086181641
5062,15063,Bernard Ryherd,VP Operations - Robotics,Responsable de Pruebas - Robótica_30,M,52,17,Unmarried Union,2,Postgraduate,Reading,No,No,No,No,Communication Skills,Critical Thinking,Customer service,Express JS,No,No,No,machine learning from the scratch using python,https://www.udemy.com/course/machinesarelearning/,Tech,0.236972838640213,,https://www.udemy.com/course/fb-messenger-chatbot/,Marketing,0.23533600568771362,facebook marketing get more results in days,https://www.udemy.com/course/facebook-marketing-for-small-businesses2/,Marketing,0.2341596484184265,the complete communication skills master class for life,https://www.udemy.com/course/the-complete-communication-skills-master-class-for-life/,Business,0.7136310935020447,conversation and communication mastery ,https://www.udemy.com/course/communication-and-conversation-skills/,Business,0.6825956106185913
5063,15064,Valme Perlas,VP Operations - Robotics,Responsable de Pruebas - Robótica_31,F,43,1,Married,1,Bachelor,Gym,No,No,No,No,self confidence,Remote Collaboration,Teamwork,Express JS,No,No,No,machine learning from the scratch using python,https://www.udemy.com/course/machinesarelearning/,Tech,0.236972838640213,,https://www.udemy.com/course/fb-messenger-chatbot/,Marketing,0.23533600568771362,facebook marketing get more results in days,https://www.udemy.com/course/facebook-marketing-for-small-businesses2/,Marketing,0.2341596484184265,new manager training collaborating with your team,https://www.udemy.com/course/new-manager-training-collaborating/,Business,0.6288880109786987,how to supercharge your teamwork team dynamics for success,https://www.udemy.com/course/how-to-get-a-supercharged-team-dynamic-for-better-results/,Business,0.6191359758377075
5064,15065,Yoshitsugu Laury,VP Operations - Robotics,Responsable de Pruebas - Robótica_32,M,28,2,Married,3,Bachelor,Camping,No,No,No,No,Personal Productivity,Decision Making,Customer service,Google Cloud Platform,No,No,No,machine learning from the scratch using python,https://www.udemy.com/course/machinesarelearning/,Tech,0.236972838640213,,https://www.udemy.com/course/fb-messenger-chatbot/,Marketing,0.23533600568771362,facebook marketing get more results in days,https://www.udemy.com/course/facebook-marketing-for-small-businesses2/,Marketing,0.2341596484184265,best business productivity training course,https://www.udemy.com/course/best-business-productivity-training-course/,Business,0.7526235580444336,how to reduce constant work interruptions,https://www.udemy.com/course/workplace-interruptions/,Business,0.6921482086181641
5065,15066,Giovanna Janelle,VP Operations - Robotics,Responsable de Pruebas - Robótica_33,F,26,1,Single,0,Bachelor,Yoga,No,No,No,No,Innovation and creativity,Performance Under Pressure,Teamwork,Java Script,No,No,No,machine learning from the scratch using python,https://www.udemy.com/course/machinesarelearning/,Tech,0.236972838640213,,https://www.udemy.com/course/fb-messenger-chatbot/,Marketing,0.23533600568771362,facebook marketing get more results in days,https://www.udemy.com/course/facebook-marketing-for-small-businesses2/,Marketing,0.2341596484184265,new manager training collaborating with your team,https://www.udemy.com/course/new-manager-training-collaborating/,Business,0.6288880109786987,how to supercharge your teamwork team dynamics for success,https://www.udemy.com/course/how-to-get-a-supercharged-team-dynamic-for-better-results/,Business,0.6191359758377075
5066,15067,Rüdiger Peno,VP Operations - Robotics,Responsable de Pruebas - Robótica_34,M,47,21,Widow,4,Master,Travel,No,No,No,No,Communication Skills,Problem analysis,Performance Under Pressure,Google Cloud Developer,No,No,No,problem analysis tools and techniques,https://www.udemy.com/course/problem-analysis-tools-and-techniques/,Business,0.5962897539138794,root cause analysis and the corrective action process,https://www.udemy.com/course/root-cause-analysis-and-the-8d-corrective-action-process/,Business,0.5133647322654724,principles of cost benefit analysis,https://www.udemy.com/course/principles-of-cost-benefit-analysis/,Business,0.5055107474327087,machine learning from the scratch using python,https://www.udemy.com/course/machinesarelearning/,Tech,0.236972838640213,,https://www.udemy.com/course/fb-messenger-chatbot/,Marketing,0.23533600568771362
5067,15068,Nikita  Mariano,VP Operations - Robotics,Responsable de Pruebas - Robótica_35,F,46,19,Widow,2,Bachelor,Pilates,No,No,No,No,Problem analysis,Communication Skills,Assertive Communication,GCP Associate Cloud Engineer,No,No,No,problem analysis tools and techniques,https://www.udemy.com/course/problem-analysis-tools-and-techniques/,Business,0.5962897539138794,root cause analysis and the corrective action process,https://www.udemy.com/course/root-cause-analysis-and-the-8d-corrective-action-process/,Business,0.5133647322654724,principles of cost benefit analysis,https://www.udemy.com/course/principles-of-cost-benefit-analysis/,Business,0.5055107474327087,machine learning from the scratch using python,https://www.udemy.com/course/machinesarelearning/,Tech,0.236972838640213,,https://www.udemy.com/course/fb-messenger-chatbot/,Marketing,0.23533600568771362
5068,15069,Rana  Lecia,VP Operations - Robotics,Responsable de Pruebas - Robótica_36,M,43,3,Single,0,Master,Travel,No,No,No,No,Communication Skills,Teamwork,Decision Making,CSS3,No,No,No,machine learning from the scratch using python,https://www.udemy.com/course/machinesarelearning/,Tech,0.236972838640213,,https://www.udemy.com/course/fb-messenger-chatbot/,Marketing,0.23533600568771362,facebook marketing get more results in days,https://www.udemy.com/course/facebook-marketing-for-small-businesses2/,Marketing,0.2341596484184265,new manager training collaborating with your team,https://www.udemy.com/course/new-manager-training-collaborating/,Business,0.6288880109786987,how to supercharge your teamwork team dynamics for success,https://www.udemy.com/course/how-to-get-a-supercharged-team-dynamic-for-better-results/,Business,0.6191359758377075
5069,15070,Elisha  Marcheski,VP Operations - Robotics,Responsable de Pruebas - Robótica_37,F,30,4,Married,1,Postgraduate,Dance,No,No,No,No,Problem analysis,Customer service,Remote Collaboration,Java Script,No,No,No,problem analysis tools and techniques,https://www.udemy.com/course/problem-analysis-tools-and-techniques/,Business,0.5962897539138794,root cause analysis and the corrective action process,https://www.udemy.com/course/root-cause-analysis-and-the-8d-corrective-action-process/,Business,0.5133647322654724,principles of cost benefit analysis,https://www.udemy.com/course/principles-of-cost-benefit-analysis/,Business,0.5055107474327087,machine learning from the scratch using python,https://www.udemy.com/course/machinesarelearning/,Tech,0.236972838640213,,https://www.udemy.com/course/fb-messenger-chatbot/,Marketing,0.23533600568771362
5070,15071,Marceline Ercilla,VP Operations - Robotics,Responsable de Pruebas - Robótica_38,F,40,8,Married,2,Postgraduate,Pilates,No,No,No,No,Communication Skills,Adaptability and Flexibility,Innovation and creativity,CSS3,No,No,No,machine learning from the scratch using python,https://www.udemy.com/course/machinesarelearning/,Tech,0.236972838640213,,https://www.udemy.com/course/fb-messenger-chatbot/,Marketing,0.23533600568771362,facebook marketing get more results in days,https://www.udemy.com/course/facebook-marketing-for-small-businesses2/,Marketing,0.2341596484184265,the complete communication skills master class for life,https://www.udemy.com/course/the-complete-communication-skills-master-class-for-life/,Business,0.7136310935020447,conversation and communication mastery ,https://www.udemy.com/course/communication-and-conversation-skills/,Business,0.6825956106185913
5071,15072,Paulette  Massman,VP Operations - Robotics,Responsable de Pruebas - Robótica_39,F,45,20,Unmarried Union,2,Postgraduate,Gardening,No,No,No,No,Assertive Communication,Problem analysis,Assertive Communication,Relational Databases,No,No,No,problem analysis tools and techniques,https://www.udemy.com/course/problem-analysis-tools-and-techniques/,Business,0.5962897539138794,root cause analysis and the corrective action process,https://www.udemy.com/course/root-cause-analysis-and-the-8d-corrective-action-process/,Business,0.5133647322654724,principles of cost benefit analysis,https://www.udemy.com/course/principles-of-cost-benefit-analysis/,Business,0.5055107474327087,machine learning from the scratch using python,https://www.udemy.com/course/machinesarelearning/,Tech,0.236972838640213,,https://www.udemy.com/course/fb-messenger-chatbot/,Marketing,0.23533600568771362
5072,15073,Swaine Ishihara,VP Operations - Robotics,Responsable de Pruebas - Robótica_40,M,51,1,Divorced,1,Postgraduate,Paint,No,No,No,No,Performance Under Pressure,Work Relationships,Adaptability and Flexibility,Google Cloud Developer,No,No,No,machine learning from the scratch using python,https://www.udemy.com/course/machinesarelearning/,Tech,0.236972838640213,,https://www.udemy.com/course/fb-messenger-chatbot/,Marketing,0.23533600568771362,facebook marketing get more results in days,https://www.udemy.com/course/facebook-marketing-for-small-businesses2/,Marketing,0.2341596484184265,conversation and communication mastery ,https://www.udemy.com/course/communication-and-conversation-skills/,Business,0.5550342798233032,manage your boss accelerate your career,https://www.udemy.com/course/manage-boss/,Business,0.5091100931167603
5073,15074,Namrata Laurole,VP Operations - Robotics,Responsable de Pruebas - Robótica_41,F,29,2,Divorced,2,Bachelor,Swimming,No,No,No,No,Work Relationships,Work Relationships,Personal Productivity,Google Cloud Platform,No,No,No,google cloud for machine learning master course,https://www.udemy.com/course/google-cloud/,Tech,0.6641231179237366,devops toolkit learn kubernetes with practical exercises,https://www.udemy.com/course/learn-kubernetes-using-google-cloud-gcp-kubernetes-engine/,Tech,0.6183587312698364,machine learning from the scratch using python,https://www.udemy.com/course/machinesarelearning/,Tech,0.236972838640213,,https://www.udemy.com/course/fb-messenger-chatbot/,Marketing,0.23533600568771362,facebook marketing get more results in days,https://www.udemy.com/course/facebook-marketing-for-small-businesses2/,Marketing,0.2341596484184265
5074,15075,Leandro Marileo,VP Operations - Robotics,Responsable de Pruebas - Robótica_42,M,55,7,Divorced,2,Master,Cycling,No,No,No,No,Adaptability and Flexibility,Teamwork,Performance Under Pressure,GCP Associate Cloud Engineer,No,No,No,devops toolkit learn kubernetes with practical exercises,https://www.udemy.com/course/learn-kubernetes-using-google-cloud-gcp-kubernetes-engine/,Tech,0.6201324462890625,learn to build devops pipeline on azure cloud,https://www.udemy.com/course/learn-to-build-devops-pipeline-on-azure-cloud/,Tech,0.5131804943084717,google cloud for machine learning master course,https://www.udemy.com/course/google-cloud/,Tech,0.5037397146224976,machine learning from the scratch using python,https://www.udemy.com/course/machinesarelearning/,Tech,0.236972838640213,,https://www.udemy.com/course/fb-messenger-chatbot/,Marketing,0.23533600568771362
5075,15076,Tara  Mastera,VP Operations - Robotics,Responsable de Pruebas - Robótica_43,F,37,5,Divorced,1,Master,Music,No,No,No,No,Conflict Management,Critical Thinking,Innovation and creativity,Express JS,No,No,No,machine learning from the scratch using python,https://www.udemy.com/course/machinesarelearning/,Tech,0.236972838640213,,https://www.udemy.com/course/fb-messenger-chatbot/,Marketing,0.23533600568771362,facebook marketing get more results in days,https://www.udemy.com/course/facebook-marketing-for-small-businesses2/,Marketing,0.2341596484184265,a clear logical argument guaranteed,https://www.udemy.com/course/a-clear-logical-argument-guaranteed/,Business,0.6895637512207031,master your decisionmaking and critical thinking skills ,https://www.udemy.com/course/leadership-science-for-decision-making/,Business,0.6208004951477051
5076,15077,Babette  Dahl,VP Operations - Robotics,Responsable de Pruebas - Robótica_44,F,54,25,Unmarried Union,2,Master,Drawing,No,No,No,No,Assertive Communication,Adaptability and Flexibility,Personal Productivity,GCP Associate Cloud Engineer,No,No,No,devops toolkit learn kubernetes with practical exercises,https://www.udemy.com/course/learn-kubernetes-using-google-cloud-gcp-kubernetes-engine/,Tech,0.6201324462890625,learn to build devops pipeline on azure cloud,https://www.udemy.com/course/learn-to-build-devops-pipeline-on-azure-cloud/,Tech,0.5131804943084717,google cloud for machine learning master course,https://www.udemy.com/course/google-cloud/,Tech,0.5037397146224976,machine learning from the scratch using python,https://www.udemy.com/course/machinesarelearning/,Tech,0.236972838640213,,https://www.udemy.com/course/fb-messenger-chatbot/,Marketing,0.23533600568771362
5077,15078,Béatrice Hansel,VP Operations - Robotics,Responsable de Pruebas - Robótica_45,F,51,5,Married,4,Master,Travel,No,No,No,No,Remote Collaboration,Customer service,Decision Making,Azure Developer Associate,No,No,No,machine learning from the scratch using python,https://www.udemy.com/course/machinesarelearning/,Tech,0.236972838640213,,https://www.udemy.com/course/fb-messenger-chatbot/,Marketing,0.23533600568771362,facebook marketing get more results in days,https://www.udemy.com/course/facebook-marketing-for-small-businesses2/,Marketing,0.2341596484184265,customer service fundamentals,https://www.udemy.com/course/customer-service-fundamentals/,Business,0.6658568382263184,customer service keep em coming back,https://www.udemy.com/course/customer-service-keep-em-coming-back/,Business,0.63691246509552
5078,15079,Sota Gaviña,VP Operations - Robotics,Responsable de Pruebas - Robótica_46,M,41,8,Divorced,2,Master,Jogging,No,No,No,No,Problem analysis,Performance Under Pressure,Conflict Management,Java Script,No,No,No,problem analysis tools and techniques,https://www.udemy.com/course/problem-analysis-tools-and-techniques/,Business,0.5962897539138794,root cause analysis and the corrective action process,https://www.udemy.com/course/root-cause-analysis-and-the-8d-corrective-action-process/,Business,0.5133647322654724,principles of cost benefit analysis,https://www.udemy.com/course/principles-of-cost-benefit-analysis/,Business,0.5055107474327087,machine learning from the scratch using python,https://www.udemy.com/course/machinesarelearning/,Tech,0.236972838640213,,https://www.udemy.com/course/fb-messenger-chatbot/,Marketing,0.23533600568771362
5079,15080,Masakage Caffie,VP Operations - Robotics,Responsable de Pruebas - Robótica_47,M,28,2,Single,0,Postgraduate,Paint,Yes,Time Management,Leadership,Business Analysis,Innovation and creativity,Customer service,Personal Productivity,Non-Relational Databases,No,No,No,up and running with postgresql ,https://www.udemy.com/course/postgres/,Tech,0.7371804714202881,learn c with windows forms and sql server,https://www.udemy.com/course/csharp6windowsforms/,Tech,0.642604410648346,learn sql with microsoft sql server,https://www.udemy.com/course/learn-sql-with-microsoft-sql-server/,Tech,0.625029444694519,machine learning from the scratch using python,https://www.udemy.com/course/machinesarelearning/,Tech,0.236972838640213,,https://www.udemy.com/course/fb-messenger-chatbot/,Marketing,0.23533600568771362
5080,15081,Isaías Fashaw,VP Operations - Robotics,Responsable de Pruebas - Robótica_48,M,38,4,Divorced,2,Master,Fishing,Yes,Change Management,Time Management,Decision Making,Assertive Communication,Personal Productivity,Teamwork,CSS3,No,No,No,machine learning from the scratch using python,https://www.udemy.com/course/machinesarelearning/,Tech,0.236972838640213,,https://www.udemy.com/course/fb-messenger-chatbot/,Marketing,0.23533600568771362,facebook marketing get more results in days,https://www.udemy.com/course/facebook-marketing-for-small-businesses2/,Marketing,0.2341596484184265,new manager training collaborating with your team,https://www.udemy.com/course/new-manager-training-collaborating/,Business,0.6288880109786987,how to supercharge your teamwork team dynamics for success,https://www.udemy.com/course/how-to-get-a-supercharged-team-dynamic-for-better-results/,Business,0.6191359758377075
5081,15082,Ewald Lawhorne,VP Operations - Robotics,Responsable de Pruebas - Robótica_49,M,57,1,Married,3,Master,Handicrafts,Yes,Business Analysis,Customer service,Time Management,Communication Skills,Performance Under Pressure,Adaptability and Flexibility,Frameworks Front End,No,No,No,turbo start on web design with zurbs foundation framework,https://www.udemy.com/course/foundation-4-framework/,Design,0.7582594156265259,javascript projects for javascript beginners,https://www.udemy.com/course/javascript-and-the-dom/,Tech,0.6015663743019104,ibm cognos framework manager,https://www.udemy.com/course/ibm-cognos-framework-manager/,Tech,0.5949597358703613,machine learning from the scratch using python,https://www.udemy.com/course/machinesarelearning/,Tech,0.236972838640213,,https://www.udemy.com/course/fb-messenger-chatbot/,Marketing,0.23533600568771362
5082,15083,Olaf Patague,VP Operations - Robotics,Responsable de Pruebas - Robótica_50,M,47,4,Divorced,1,Master,Cycling,Yes,Decision Making,Time Management,Goal Setting,Personal Productivity,Conflict Management,Remote Collaboration,Java Script,No,No,No,machine learning from the scratch using python,https://www.udemy.com/course/machinesarelearning/,Tech,0.236972838640213,,https://www.udemy.com/course/fb-messenger-chatbot/,Marketing,0.23533600568771362,facebook marketing get more results in days,https://www.udemy.com/course/facebook-marketing-for-small-businesses2/,Marketing,0.2341596484184265,best business productivity training course,https://www.udemy.com/course/best-business-productivity-training-course/,Business,0.7526235580444336,how to reduce constant work interruptions,https://www.udemy.com/course/workplace-interruptions/,Business,0.6921482086181641
5083,15084,Fukashi Mauricio,VP Operations - Robotics,Responsable de Pruebas - Robótica_51,M,48,20,Married,1,Postgraduate,Music,Yes,Change Management,Teamwork,Change Management,Adaptability and Flexibility,Assertive Communication,Innovation and creativity,CSS3,No,No,No,machine learning from the scratch using python,https://www.udemy.com/course/machinesarelearning/,Tech,0.236972838640213,,https://www.udemy.com/course/fb-messenger-chatbot/,Marketing,0.23533600568771362,facebook marketing get more results in days,https://www.udemy.com/course/facebook-marketing-for-small-businesses2/,Marketing,0.2341596484184265,new manager training collaborating with your team,https://www.udemy.com/course/new-manager-training-collaborating/,Business,0.6288880109786987,how to supercharge your teamwork team dynamics for success,https://www.udemy.com/course/how-to-get-a-supercharged-team-dynamic-for-better-results/,Business,0.6191359758377075
5084,15085,Natalio Marten,VP Operations - Robotics,Responsable de Pruebas - Robótica_52,M,44,19,Single,0,Bachelor,Gardening,Yes,Teamwork,Negotiation Skills,Analytical Skills,Performance Under Pressure,Teamwork,Conflict Management,Express JS,No,No,No,machine learning from the scratch using python,https://www.udemy.com/course/machinesarelearning/,Tech,0.236972838640213,,https://www.udemy.com/course/fb-messenger-chatbot/,Marketing,0.23533600568771362,facebook marketing get more results in days,https://www.udemy.com/course/facebook-marketing-for-small-businesses2/,Marketing,0.2341596484184265,new manager training collaborating with your team,https://www.udemy.com/course/new-manager-training-collaborating/,Business,0.6288880109786987,how to supercharge your teamwork team dynamics for success,https://www.udemy.com/course/how-to-get-a-supercharged-team-dynamic-for-better-results/,Business,0.6191359758377075
5085,15086,Hisaki Geiss,VP Operations - Robotics,Responsable de Pruebas - Robótica_53,M,50,9,Single,0,Master,Cycling,No,No,No,No,Decision Making,Decision Making,Conflict Management,Relational Databases,No,No,No,up and running with postgresql ,https://www.udemy.com/course/postgres/,Tech,0.8502414226531982,learn sql with microsoft sql server,https://www.udemy.com/course/learn-sql-with-microsoft-sql-server/,Tech,0.7229961156845093,introduction to basic database concepts,https://www.udemy.com/course/introduction-to-basic-database-concepts/,Tech,0.698677659034729,machine learning from the scratch using python,https://www.udemy.com/course/machinesarelearning/,Tech,0.236972838640213,,https://www.udemy.com/course/fb-messenger-chatbot/,Marketing,0.23533600568771362
5086,15087,Leonardo Peirce,VP Operations - Robotics,Responsable de Pruebas - Robótica_54,M,57,24,Single,0,Master,Yoga,No,No,No,No,Adaptability and Flexibility,Teamwork,Remote Collaboration,Google Cloud Developer,No,No,No,machine learning from the scratch using python,https://www.udemy.com/course/machinesarelearning/,Tech,0.236972838640213,,https://www.udemy.com/course/fb-messenger-chatbot/,Marketing,0.23533600568771362,facebook marketing get more results in days,https://www.udemy.com/course/facebook-marketing-for-small-businesses2/,Marketing,0.2341596484184265,new manager training collaborating with your team,https://www.udemy.com/course/new-manager-training-collaborating/,Business,0.6288880109786987,how to supercharge your teamwork team dynamics for success,https://www.udemy.com/course/how-to-get-a-supercharged-team-dynamic-for-better-results/,Business,0.6191359758377075
5087,15088,Aseem Maya,VP Operations - Robotics,Responsable de Pruebas - Robótica_55,M,57,15,Divorced,2,Master,Yoga,No,No,No,No,Decision Making,Performance Under Pressure,Assertive Communication,Angular,No,No,No,machine learning from the scratch using python,https://www.udemy.com/course/machinesarelearning/,Tech,0.236972838640213,,https://www.udemy.com/course/fb-messenger-chatbot/,Marketing,0.23533600568771362,facebook marketing get more results in days,https://www.udemy.com/course/facebook-marketing-for-small-businesses2/,Marketing,0.2341596484184265,starting with angular updated for version ,https://www.udemy.com/course/starting-with-angular-4/,Tech,0.7190330624580383,angular crash course for busy developers,https://www.udemy.com/course/angular-crash-course/,Tech,0.7141435146331787
5088,15089,Eustace Leavelle,VP Operations - Robotics,Responsable de Pruebas - Robótica_56,M,32,2,Married,2,Master,Camping,No,No,No,No,Assertive Communication,Communication Skills,Innovation and creativity,Frameworks Front End,No,No,No,machine learning from the scratch using python,https://www.udemy.com/course/machinesarelearning/,Tech,0.236972838640213,,https://www.udemy.com/course/fb-messenger-chatbot/,Marketing,0.23533600568771362,facebook marketing get more results in days,https://www.udemy.com/course/facebook-marketing-for-small-businesses2/,Marketing,0.2341596484184265,the complete communication skills master class for life,https://www.udemy.com/course/the-complete-communication-skills-master-class-for-life/,Business,0.7136310935020447,conversation and communication mastery ,https://www.udemy.com/course/communication-and-conversation-skills/,Business,0.6825956106185913
5089,15090,Hiroshi Isaurralde,VP Operations - Robotics,Responsable de Pruebas - Robótica_57,M,43,10,Single,0,Bachelor,Reading,No,No,No,No,Conflict Management,Adaptability and Flexibility,Conflict Management,GCP Associate Cloud Engineer,No,No,No,devops toolkit learn kubernetes with practical exercises,https://www.udemy.com/course/learn-kubernetes-using-google-cloud-gcp-kubernetes-engine/,Tech,0.6201324462890625,learn to build devops pipeline on azure cloud,https://www.udemy.com/course/learn-to-build-devops-pipeline-on-azure-cloud/,Tech,0.5131804943084717,google cloud for machine learning master course,https://www.udemy.com/course/google-cloud/,Tech,0.5037397146224976,machine learning from the scratch using python,https://www.udemy.com/course/machinesarelearning/,Tech,0.236972838640213,,https://www.udemy.com/course/fb-messenger-chatbot/,Marketing,0.23533600568771362
5090,15091,Pierr Julien Halperin,VP Operations - Robotics,Responsable de Pruebas - Robótica_58,M,51,3,Married,1,Bachelor,Pilates,No,No,No,No,Assertive Communication,Teamwork,Decision Making,AWS Certification,No,No,No,machine learning from the scratch using python,https://www.udemy.com/course/machinesarelearning/,Tech,0.236972838640213,,https://www.udemy.com/course/fb-messenger-chatbot/,Marketing,0.23533600568771362,facebook marketing get more results in days,https://www.udemy.com/course/facebook-marketing-for-small-businesses2/,Marketing,0.2341596484184265,new manager training collaborating with your team,https://www.udemy.com/course/new-manager-training-collaborating/,Business,0.6288880109786987,how to supercharge your teamwork team dynamics for success,https://www.udemy.com/course/how-to-get-a-supercharged-team-dynamic-for-better-results/,Business,0.6191359758377075
5091,15092,Atomu Hartman,VP Operations - Robotics,Responsable de Pruebas - Robótica_59,M,56,11,Married,2,Bachelor,Hiking,No,No,No,No,Remote Collaboration,Remote Collaboration,Teamwork,Angular,No,No,No,new manager training collaborating with your team,https://www.udemy.com/course/new-manager-training-collaborating/,Business,0.6288880109786987,how to supercharge your teamwork team dynamics for success,https://www.udemy.com/course/how-to-get-a-supercharged-team-dynamic-for-better-results/,Business,0.6191359758377075,developing emotional intelligence in teams,https://www.udemy.com/course/developing-emotional-intelligence-in-teams/,Business,0.5358076095581055,starting with angular updated for version ,https://www.udemy.com/course/starting-with-angular-4/,Tech,0.7190330624580383,angular crash course for busy developers,https://www.udemy.com/course/angular-crash-course/,Tech,0.7141435146331787
5092,15093,Samuel  Mates,VP Operations - Robotics,Responsable de Pruebas - Robótica_60,M,25,1,Married,2,Master,Reading,No,No,No,No,Innovation and creativity,Remote Collaboration,Performance Under Pressure,Google Cloud Developer,No,No,No,machine learning from the scratch using python,https://www.udemy.com/course/machinesarelearning/,Tech,0.236972838640213,,https://www.udemy.com/course/fb-messenger-chatbot/,Marketing,0.23533600568771362,facebook marketing get more results in days,https://www.udemy.com/course/facebook-marketing-for-small-businesses2/,Marketing,0.2341596484184265,the complete devops engineer course java kubernetes,https://www.udemy.com/course/the-complete-devops-engineer-course-20-java-kubernetes/,Tech,0.6162485480308533,google cloud for machine learning master course,https://www.udemy.com/course/google-cloud/,Tech,0.6141550540924072
5093,15094,Hope  Neeper,VP Operations - Robotics,Responsable de Pruebas - Robótica_61,M,37,3,Unmarried Union,1,Postgraduate,Yoga,No,No,No,No,Work Relationships,Remote Collaboration,Work Relationships,Express JS,No,No,No,machine learning from the scratch using python,https://www.udemy.com/course/machinesarelearning/,Tech,0.236972838640213,,https://www.udemy.com/course/fb-messenger-chatbot/,Marketing,0.23533600568771362,facebook marketing get more results in days,https://www.udemy.com/course/facebook-marketing-for-small-businesses2/,Marketing,0.2341596484184265,conversation and communication mastery ,https://www.udemy.com/course/communication-and-conversation-skills/,Business,0.5550342798233032,manage your boss accelerate your career,https://www.udemy.com/course/manage-boss/,Business,0.5091100931167603
5094,15095,Naoyuki Dandoy,VP Operations - Robotics,Responsable de Pruebas - Robótica_62,M,30,4,Unmarried Union,1,Master,Yoga,No,No,No,No,Innovation and creativity,Innovation and creativity,Remote Collaboration,Java Script,No,No,No,machine learning from the scratch using python,https://www.udemy.com/course/machinesarelearning/,Tech,0.236972838640213,,https://www.udemy.com/course/fb-messenger-chatbot/,Marketing,0.23533600568771362,facebook marketing get more results in days,https://www.udemy.com/course/facebook-marketing-for-small-businesses2/,Marketing,0.2341596484184265,javascript,https://www.udemy.com/course/javascript3/,Tech,0.6405686140060425,javascript basics made easy for beginners,https://www.udemy.com/course/course-javascript/,Tech,0.6115411520004272
5095,15096,Jim  Lary,VP Operations - Robotics,Responsable de Pruebas - Robótica_63,M,47,2,Widow,1,Postgraduate,Handicrafts,No,No,No,No,Conflict Management,Decision Making,Decision Making,Azure Developer Associate,No,No,No,machine learning from the scratch using python,https://www.udemy.com/course/machinesarelearning/,Tech,0.236972838640213,,https://www.udemy.com/course/fb-messenger-chatbot/,Marketing,0.23533600568771362,facebook marketing get more results in days,https://www.udemy.com/course/facebook-marketing-for-small-businesses2/,Marketing,0.2341596484184265,conflict management at work real world strategies tools,https://www.udemy.com/course/dealing-with-conflict-at-work/,Business,0.8104982376098633,conflict management in the workplace,https://www.udemy.com/course/conflict-management-in-the-workplace/,Business,0.7526721358299255
5096,15097,Rose  Ruddy,VP Operations - Robotics,Responsable de Pruebas - Robótica_64,F,52,12,Divorced,1,Postgraduate,Gym,No,No,No,No,Assertive Communication,Innovation and creativity,Work Relationships,Azure Developer Associate,No,No,No,machine learning from the scratch using python,https://www.udemy.com/course/machinesarelearning/,Tech,0.236972838640213,,https://www.udemy.com/course/fb-messenger-chatbot/,Marketing,0.23533600568771362,facebook marketing get more results in days,https://www.udemy.com/course/facebook-marketing-for-small-businesses2/,Marketing,0.2341596484184265,conversation and communication mastery ,https://www.udemy.com/course/communication-and-conversation-skills/,Business,0.5550342798233032,manage your boss accelerate your career,https://www.udemy.com/course/manage-boss/,Business,0.5091100931167603
5097,15098,Shunsuke Neculmán,VP Operations - Robotics,Responsable de Pruebas - Robótica_65,M,56,16,Widow,2,Postgraduate,Gardening,No,No,No,No,Adaptability and Flexibility,Assertive Communication,Work Relationships,GCP Associate Cloud Engineer,No,No,No,devops toolkit learn kubernetes with practical exercises,https://www.udemy.com/course/learn-kubernetes-using-google-cloud-gcp-kubernetes-engine/,Tech,0.6201324462890625,learn to build devops pipeline on azure cloud,https://www.udemy.com/course/learn-to-build-devops-pipeline-on-azure-cloud/,Tech,0.5131804943084717,google cloud for machine learning master course,https://www.udemy.com/course/google-cloud/,Tech,0.5037397146224976,machine learning from the scratch using python,https://www.udemy.com/course/machinesarelearning/,Tech,0.236972838640213,,https://www.udemy.com/course/fb-messenger-chatbot/,Marketing,0.23533600568771362
5098,15099,Tomohiro Paskin,VP Operations - Robotics,Responsable de Pruebas - Robótica_66,M,38,8,Divorced,4,Master,Gym,No,No,No,No,self confidence,Customer service,Conflict Management,Google Cloud Platform,No,No,No,machine learning from the scratch using python,https://www.udemy.com/course/machinesarelearning/,Tech,0.236972838640213,,https://www.udemy.com/course/fb-messenger-chatbot/,Marketing,0.23533600568771362,facebook marketing get more results in days,https://www.udemy.com/course/facebook-marketing-for-small-businesses2/,Marketing,0.2341596484184265,google cloud for machine learning master course,https://www.udemy.com/course/google-cloud/,Tech,0.6641231179237366,devops toolkit learn kubernetes with practical exercises,https://www.udemy.com/course/learn-kubernetes-using-google-cloud-gcp-kubernetes-engine/,Tech,0.6183587312698364
5099,15100,Valerie  Gerhauser,VP Operations - Robotics,Responsable de Pruebas - Robótica_67,F,33,4,Married,4,Postgraduate,Reading,Yes,Change Management,Strategic Planning,Presentation Skills,Work Relationships,Performance Under Pressure,Innovation and creativity,Azure Developer Associate,No,No,No,machine learning from the scratch using python,https://www.udemy.com/course/machinesarelearning/,Tech,0.236972838640213,,https://www.udemy.com/course/fb-messenger-chatbot/,Marketing,0.23533600568771362,facebook marketing get more results in days,https://www.udemy.com/course/facebook-marketing-for-small-businesses2/,Marketing,0.2341596484184265,conversation and communication mastery ,https://www.udemy.com/course/communication-and-conversation-skills/,Business,0.5550342798233032,manage your boss accelerate your career,https://www.udemy.com/course/manage-boss/,Business,0.5091100931167603
